titleId,gameTitle,platform_source,region_source,url,contentId,has_content_id,platform,distribution,content_type,unlock_model,unlock_group
PCSB00963,10 Second Ninja X,PSVita,EU,http://zeus.dl.playstation.net/cdn/EP4395/PCSB00963_00/EP4395-PCSB00963_00-G000000000000885_bg_1_c0400230f1dcc3f446d2e455e4d2ccff5723ab13.pkg,EP4395-PCSB00963_00-G000000000000885,YES,PSVITA,CARD,BASE_GAME,NONE,
PCSB00955,A Virus Named TOM,PSVita,EU,http://zeus.dl.playstation.net/cdn/EP1920/PCSB00955_00/EP1920-PCSB00955_00-G000000000000877_bg_1_9a0c05b45b2ec138e94ff684250f17cabf9e9d19.pkg,EP1920-PCSB00955_00-G000000000000877,YES,PSVITA,CARD,BASE_GAME,NONE,
PCSB00858,Actual Sunlight,PSVita,EU,http://zeus.dl.playstation.net/cdn/EP0760/PCSB00858_00/EP0760-PCSB00858_00-1234567812345678_bg_1_7cfbddc06539702b74cc7e6e6d2f64820f0a8716.pkg,EP0760-PCSB00858_00-1234567812345678,YES,PSVITA,CARD,BASE_GAME,NONE,
PCSB00740,Amnesia: Memories,PSVita,EU,http://zeus.dl.playstation.net/cdn/EP0031/PCSB00740_00/EP0031-PCSB00740_00-AMNESIAMEMORIES1_bg_1_7f062ef17d810c7795163b975adae77ba0577b4b.pkg,EP0031-PCSB00740_00-AMNESIAMEMORIES1,YES,PSVITA,CARD,BASE_GAME,NONE,
PCSB00568,Another World,PSVita,EU,http://zeus.dl.playstation.net/cdn/EP4489/PCSB00568_00/GMcRCEhkTQAUCjNFtRSfLZaWxyUyaSnTKRDKrlQiFYJjUfvSBUZpALiPjMKUKPri.pkg,EP4489-PCSB00568_00-ANOTHERWORLD0000,YES,PSVITA,CARD,BASE_GAME,NONE,
PCSE00472,Another World,PSVita,US,http://zeus.dl.playstation.net/cdn/UP4489/PCSE00472_00/xKxxvFWcKPxePbaavcAxkMOWCRyfRFWhdKwdJhmDhlxoeYVeptsyDkTeQqaKQzQQ.pkg,UP4489-PCSE00472_00-ANOTHERWORLD0000,YES,PSVITA,CARD,BASE_GAME,NONE,
PCSB00040,Asphalt Injection,PSVita,EU,http://zeus.dl.playstation.net/cdn/EP0001/PCSB00040_00/RImAqIzVlyikIuyTyKmWPqDxmZQPdSvlUdFFMEEhcObSljYBwsemhXPllYQPwSem.pkg,EP0001-PCSB00040_00-ASPHALTINJECTION,YES,PSVITA,CARD,BASE_GAME,NONE,
PCSB00399,Azkend 2: The World Beneath,PSVita,EU,http://zeus.dl.playstation.net/cdn/EP4403/PCSB00399_00/EP4403-PCSB00399_00-AZKEND2000000000_bg_1_304242cfbb288334e06f99174be26c4753c6bc06.pkg,,NO,PSVITA,CARD,BASE_GAME,NONE,
PCSB00669,BADLAND: Game of the Year Edition,PSVita,EU,http://zeus.dl.playstation.net/cdn/EP4530/PCSB00669_00/EP4530-PCSB00669_00-GAMEOFTHEYEAREDI_bg_1_f9d9f60e86b11d50e0e0b92f964f4c22f2ee391f.pkg,EP4530-PCSB00669_00-GAMEOFTHEYEAREDI,YES,PSVITA,CARD,BASE_GAME,NONE,
PCSB00168,Big Sky Infinity,PSVita,EU,http://ares.dl.playstation.net/cdn/EP4337/PCSB00168_00/ezxstHqrjGkjkHDnBcPNzzGnpNTEqzlfTYRUFsRKDkixcLrtIJGhLJWWICIwJQgl.pkg,EP4337-PCSB00168_00-UBIGSKYINF000001,YES,PSVITA,CARD,BASE_GAME,NONE,
PCSB00265,BreakQuest - Extra Evolution Freedom,PSVita,EU,http://zeus.dl.playstation.net/cdn/EP4101/PCSB00265_00/QimJBmFPUFQGMQEJEIDETgumcSTxIzuZtWBizRVYpKAVxlSPLNlyxgyAZPncFVjK.pkg,EP4101-PCSB00265_00-BREAKQUESTPSVITA,YES,PSVITA,CARD,BASE_GAME,NONE,
PCSB00748,Broken Age,PSVita,EU,http://zeus.dl.playstation.net/cdn/EP2154/PCSB00748_00/EP2154-PCSB00748_00-BROKENAGEPLAYSVI_bg_1_78ca1e8118e2071495364ab4a177484961eb75a7.pkg,EP2154-PCSB00748_00-BROKENAGEPLAYSVI,YES,PSVITA,CARD,BASE_GAME,NONE,
PCSB00111,CastleStorm,PSVita,EU,http://zeus.dl.playstation.net/cdn/EP4042/PCSB00111_00/KirmhyaeWAsBaZORLFeqLsiHjRRYJEBHBxtMhmDiXrfdaOYNbHhmGYctZuhyLqSC.pkg,EP4042-PCSB00111_00-CASTLESTORM00001,YES,PSVITA,CARD,BASE_GAME,NONE,
PCSB00111,CastleStorm - From Outcast to Savior,PSVita,EU,http://zeus.dl.playstation.net/cdn/EP4042/PCSB00111_00/wWlhlkbZFJcAJiuTCCrPvcVAInBIdgNPAPPObQTwGMuTXFuEhaePPFMwcQkDkIWf.pkg,EP4042-PCSB00111_00-CASTLESTORMDLC01,YES,PSVITA,CARD,BASE_GAME,NONE,
PCSB00111,CastleStorm - The Warrior Queen,PSVita,EU,http://zeus.dl.playstation.net/cdn/EP4042/PCSB00111_00/CBoGFistLLkvWywkVkVykuxIieYNarSPRyPVTeCFbXgwmBtVMAhnMIJXcBgFEOyJ.pkg,EP4042-PCSB00111_00-CASTLESTORMDLC02,YES,PSVITA,CARD,BASE_GAME,NONE,
PCSB00573,Cel Damage HD,PSVita,EU,http://zeus.dl.playstation.net/cdn/EP2119/PCSB00573_00/siuwPKzbucPkRTNPQlLhzhXGxMnlSHcLqOItbDLmxqdCEIVSeAjgvWPhbxkwhpuN.pkg,EP2119-PCSB00573_00-00CELDAMAGEPSVEU,YES,PSVITA,CARD,BASE_GAME,NONE,
PCSB00102,Chronovolt,PSVita,EU,http://zeus.dl.playstation.net/cdn/EP4093/PCSB00102_00/hQEpFIbfjvVHRzANpwMrZaznaFNJUwTEQzMcctrtYUOPTiVoWZqiOGLrmqDIdYcW.pkg,EP4093-PCSB00102_00-CHRONOVOLT000000,YES,PSVITA,CARD,BASE_GAME,NONE,
PCSG00454,Ciel nosurge Offline Voice pack 2,PSVita,JP,http://zeus.dl.playstation.net/cdn/JP0103/PCSG00454_00/CHIzqKnrKCXqCADJfAVCxEdbrIkcwHpaBjNjOUPLzarVprnSyyjnEBnghkyvcbmJYcxQJNvfvbNOjEIJrPjhoKNpDMHOZYvsluCHi.pkg,JP0103-PCSG00454_00-VOICE90000000002,YES,PSVITA,CARD,BASE_GAME,NONE,
PCSB00848,Code:Realize - Guardian of Rebirth,PSVita,EU,http://zeus.dl.playstation.net/cdn/EP1024/PCSB00848_00/EP1024-PCSB00848_00-CODEREALIZE00000_bg_1_338af0d07f2dd39a4be41a90de571af0d2e25947.pkg,EP1024-PCSB00848_00-CODEREALIZE00000,YES,PSVITA,CARD,BASE_GAME,NONE,
PCSB00768,COLOUR GUARDIANS,PSVita,EU,http://zeus.dl.playstation.net/cdn/EP0836/PCSB00768_00/EP0836-PCSB00768_00-FPLCGMAINGAME101_bg_1_94a0c59ac6a18879082221215746316458a5a112.pkg,EP0836-PCSB00768_00-FPLCGMAINGAME101,YES,PSVITA,CARD,BASE_GAME,NONE,
PCSB00734,Cosmophony,PSVita,EU,http://zeus.dl.playstation.net/cdn/EP4540/PCSB00734_00/EP4540-PCSB00734_00-COSMOPHONYGAME00_bg_1_5331a7c41dd968bf5a15e9f71335a44943bc9035.pkg,EP4540-PCSB00734_00-COSMOPHONYGAME00,YES,PSVITA,CARD,BASE_GAME,NONE,
PCSE00291,Crazy Market,PSVita,US,http://zeus.dl.playstation.net/cdn/UP4178/PCSE00291_00/UYiNCsrkmeAIuXfkqvQvrXxpfnNvlAfUrqbyBcvmibVjFSFJckaEqMtVuafgQlvx.pkg,UP4178-PCSE00291_00-TGACRAZYMARKET01,YES,PSVITA,CARD,BASE_GAME,NONE,
PCSB00374,Crazy Market,PSVita,EU,http://zeus.dl.playstation.net/cdn/EP4178/PCSB00374_00/NyOQmblTzJVdTeKsezSqTAvmDxVsxfWpKEKDjPCegDSYltvqmQjSrtJniQTlWZak.pkg,EP4178-PCSB00374_00-TGACRAZYMARKET01,YES,PSVITA,CARD,BASE_GAME,NONE,
PCSB00853,Curses 'N Chaos,PSVita,EU,http://zeus.dl.playstation.net/cdn/EP2114/PCSB00853_00/EP2114-PCSB00853_00-0000000000000001_bg_1_4efeee55419c93a1caa39992ba8f400778ffdfe6.pkg,EP2114-PCSB00853_00-0000000000000001,YES,PSVITA,CARD,BASE_GAME,NONE,
PCSB00747,Day of the Tentacle Remastered,PSVita,EU,http://zeus.dl.playstation.net/cdn/EP2154/PCSB00747_00/EP2154-PCSB00747_00-DAYOFTHETENTACLE_bg_1_3ea8dcc8ac718f84df583bcff3ac58925b7d357e.pkg,EP2154-PCSB00747_00-DAYOFTHETENTACLE,YES,PSVITA,CARD,BASE_GAME,NONE,
PCSG00167,Dead or Alive 5 plus,PSVita,JP,http://ares.dl.playstation.net/cdn/JP0106/PCSG00167_00/wAKwgUzILDhouXrJwSyNXfMMIjMtZTUcQWAMMCwhVktDtHDAipCRONcGFYIMxCRuXcSQVFtJMlEnCNhAQDNkbzWzoKyWPSXiwUDIF.pkg,,NO,PSVITA,CARD,BASE_GAME,NONE,
PCSB00639,Don't Die Mr Robot,PSVita,EU,http://zeus.dl.playstation.net/cdn/EP4514/PCSB00639_00/PmEDLQDoddYQiVAuFrkxJFQtVSiPOeMkXBjNgLnkjErIqFJKbpchgdIjroPtHsom.pkg,EP4514-PCSB00639_00-DONTDIEMRROBOTEU,YES,PSVITA,CARD,BASE_GAME,NONE,
PCSE00450,Don't Starve: Giant Edition,PSVita,US,http://zeus.dl.playstation.net/cdn/UP2107/PCSE00450_00/hNgZxfWWtQCavVsavigBVjAiGEonMiuOafsWneFzMAoAgNQeMmfIlKLSEnTsKxMH.pkg,UP2107-PCSE00450_00-DONTSTARVE000000,YES,PSVITA,CARD,BASE_GAME,NONE,
PCSB00952,Downwell,PSVita,EU,http://zeus.dl.playstation.net/cdn/EP3643/PCSB00952_00/EP3643-PCSB00952_00-DOWNWELLEUPV0001_bg_1_c4951e71f988f492cdb52b8fae9514c6f7818012.pkg,EP3643-PCSB00952_00-DOWNWELLEUPV0001,YES,PSVITA,CARD,BASE_GAME,NONE,
PCSB00621,Dragon Fin Soup,PSVita,EU,http://zeus.dl.playstation.net/cdn/EP2186/PCSB00621_00/EP2186-PCSB00621_00-GRIMMBROS1DFS004_bg_1_516e540634b2f18aeb6cb8f093060da0968cef62.pkg,EP2186-PCSB00621_00-GRIMMBROS1DFS004,YES,PSVITA,CARD,BASE_GAME,NONE,
PCSB00041,Dungeon Hunter Alliance,PSVita,EU,http://zeus.dl.playstation.net/cdn/EP0001/PCSB00041_00/AmfomuvUzSOIgbjfVoEIsNtmEEPhkuqfzDiVXkKxhyrsTKhlBvqajkxJRsTonzJF.pkg,EP0001-PCSB00041_00-DUNGEONHVITAGAME,YES,PSVITA,CARD,BASE_GAME,NONE,
PCSE00008,Dungeon Hunter Alliance,PSVita,US,http://zeus.dl.playstation.net/cdn/UP0001/PCSE00008_00/ItkTSZdCVyVaKFYcSSiBVnxwNRAIZsewudmEDLTISDWdAjDjFXfglpUfBvrShFYKowkRndFCddXSeGckRYPQXiACBeLObsRQSKfKp.pkg,UP0001-PCSE00008_00-DUNGEONHVITAGAME,YES,PSVITA,CARD,BASE_GAME,NONE,
PCSF00092,Ecolibrium,PSVita,EU,http://zeus.dl.playstation.net/cdn/EP9000/PCSF00092_00/pRXXogdXdrpmIlRbikUvJDxcYIsbyBLRCVlxQYJjHmfoUsUpLDrFawqixUyGMJDD.pkg,EP9000-PCSF00092_00-ECOLIBRIUMR00137,YES,PSVITA,CARD,BASE_GAME,NONE,
PCSB00620,Element4l,PSVita,EU,http://zeus.dl.playstation.net/cdn/EP4528/PCSB00620_00/EP4528-PCSB00620_00-ELEMENT4L100PACK_bg_1_500c3b1ba70b176cc69c2733a3a88b12ba3894e6.pkg,EP4528-PCSB00620_00-ELEMENT4L100PACK,YES,PSVITA,CARD,BASE_GAME,NONE,
PCSF00023,Escape Plan,PSVita,EU,http://zeus.dl.playstation.net/cdn/EP9000/PCSF00023_00/ELJKhuELxBMGfGNtwoSGjOoJREBaJGSavxyxwqAmYENKDooHspeoKRYQhHNEsZWk.pkg,EP9000-PCSF00023_00-ESCPGAMEMASTEREU,YES,PSVITA,CARD,BASE_GAME,NONE,
PCSG90061,Fate Stay night - Realta Nua Demo,PSVita,JP,http://ares.dl.playstation.net/cdn/JP0117/PCSG90061_00/mZtGDCLrPizJkwDroyBLbABFeVnKpiwesvZEuBRtTATzyHdTGlTtWTQsooQLDrjHeebbPvArvnKEmQkwfaneKpkXBTJzNnYDwSOfl.pkg,,NO,PSVITA,CARD,BASE_GAME,NONE,
PCSB00656,Flame Over,PSVita,EU,http://zeus.dl.playstation.net/cdn/EP4132/PCSB00656_00/EP4132-PCSB00656_00-FLAMEOVERLLJ2014_bg_1_48eef338d0b4e6ac90d919d8275161174854ad72.pkg,EP4132-PCSB00656_00-FLAMEOVERLLJ2014,YES,PSVITA,CARD,BASE_GAME,NONE,
PCSE00039,FoosBall 2012,PSVita,US,http://ares.dl.playstation.net/cdn/UP4151/PCSE00039_00/NjkpcviGUYkBGgPBKwDkGillqonlmyrZfCKmemDjEjtOEjKlvLXVkJiykpGccZdtYbgGZXIyYmtARFqWeapvoLIrThSPZCdEhkBDY.pkg,UP4151-PCSE00039_00-FOOSBALL2012VITA,YES,PSVITA,CARD,BASE_GAME,NONE,
PCSF00446,Freedom Wars,PSVita,EU,http://zeus.dl.playstation.net/cdn/EP9000/PCSF00446_00/rzMueMJNXemMDsEKEquZcSYmgrBoJCuZpwjgbMCoELhJoiPFhydzoNQDwUkXllsM.pkg,EP9000-PCSF00446_00-FWGAME0000000000,YES,PSVITA,CARD,BASE_GAME,NONE,
PCSA00050,Frobisher Says,PSVita,US,http://zeus.dl.playstation.net/cdn/UP9000/PCSA00050_00/uJOOTYmMAaxoXqmLgUmcADKrhNznmAiQorTjPsLwxteqVMdyFHrMOILoOnsPWQLeAGCGozRqwNjYJztwimbNpdipOCeaVbBQjhIWi.pkg,UP9000-PCSA00050_00-FROBISHERSAYS001,YES,PSVITA,CARD,BASE_GAME,NONE,
PCSF00043,Frobisher Says!,PSVita,EU,http://ares.dl.playstation.net/cdn/EP9000/PCSF00043_00/cPUzhwemushCNcXzHQvDDTWcHFhuZmWKTpLKnIHNGOjaipvTuApuNKHCQQpkBmSp.pkg,,NO,PSVITA,CARD,BASE_GAME,NONE,
PCSF00043,Frobisher Says! - Mega Fun Pack,PSVita,EU,http://zeus.dl.playstation.net/cdn/EP9000/PCSF00043_00/ISVZnRSXzmQkgFynIjUmhmONUBUianrWmGqpkajtuPsYeDoYghDxpQbhLuLEMPXJ.pkg,EP9000-PCSF00043_00-FROBISHERSDRM002,YES,PSVITA,CARD,BASE_GAME,NONE,
PCSF00043,Frobisher Says! - Super Fun Pack,PSVita,EU,http://zeus.dl.playstation.net/cdn/EP9000/PCSF00043_00/aVxLxtiQVLToxsacJMBmGzIMGzxLvkaKPbuPRvSShIulSpNLEnQMrbwqTRpGoZQJ.pkg,EP9000-PCSF00043_00-FROBISHERSDRM001,YES,PSVITA,CARD,BASE_GAME,NONE,
PCSB00421,Furmins,PSVita,EU,http://zeus.dl.playstation.net/cdn/EP4101/PCSB00421_00/OzKAlfoDJChelIAZjYJVVgcrPYOsdCQGDEzwrpWOMRfKvIbOnNBRoCBYJWTJgpOu.pkg,EP4101-PCSB00421_00-FURMINSPUZZLEHMQ,YES,PSVITA,CARD,BASE_GAME,NONE,
PCSB00421,Furmins Bonus World,PSVita,EU,http://zeus.dl.playstation.net/cdn/EP4101/PCSB00421_00/pSHmYijdFEvheNPsqeHckEkfWCcGNXQfzjkJEUeJpJTEAwqGTBECgnlnPvcUQlAD.pkg,EP4101-PCSB00421_00-FURMINSEXPANSION,YES,PSVITA,CARD,BASE_GAME,NONE,
PCSF00024,Gravity Rush,PSVita,EU,http://zeus.dl.playstation.net/cdn/EP9000/PCSF00024_00/fSndUWlDQSWRWhQnmRatZeBUBoCzWFCkzCyBJFeiGOumyAStXgoANrosdheJxKHY.pkg,EP9000-PCSF00024_00-PDEUAP1648614960,YES,PSVITA,CARD,BASE_GAME,NONE,
PCSF00024,Gravity Rush DLC - Maid Pack,PSVita,EU,http://zeus.dl.playstation.net/cdn/EP9000/PCSF00024_00/pveKaEQukuMnhNgVNyFlgSsXDFuTeFiaqfDUfslyfdbipHrRMJeTxsgZWBCiphNJ.pkg,EP9000-PCSF00024_00-PDEUAC00MAIDPACK,YES,PSVITA,CARD,BASE_GAME,NONE,
PCSF00024,Gravity Rush DLC - Military Pack,PSVita,EU,http://zeus.dl.playstation.net/cdn/EP9000/PCSF00024_00/JAfGjBcjLfWGQTOMqnvNIwXLwDhJroZqyUeiwIdjjgqJuODuLgYDqrJcaEduoOmK.pkg,EP9000-PCSF00024_00-PDEUAC00ARMYPACK,YES,PSVITA,CARD,BASE_GAME,NONE,
PCSF00024,Gravity Rush DLC - Spy Pack,PSVita,EU,http://zeus.dl.playstation.net/cdn/EP9000/PCSF00024_00/tKTDVqQwMJoqqWDDmUaGsJHogGdEgygibliFRpPtOwefMZzxVlTxMVhffQdwhyzr.pkg,EP9000-PCSF00024_00-PDEUAC000SPYPACK,YES,PSVITA,CARD,BASE_GAME,NONE,
PCSB00731,Grim Fandango Remastered,PSVita,EU,http://zeus.dl.playstation.net/cdn/EP2154/PCSB00731_00/EP2154-PCSB00731_00-GRIMFANDANGOPSVI_bg_1_5c5fb0b2ad4257c46fe2a47144248b548a185b70.pkg,EP2154-PCSB00731_00-GRIMFANDANGOPSVI,YES,PSVITA,CARD,BASE_GAME,NONE,
PCSB00419,Hatsune Miku: Project DIVA F,PSVita,EU,http://zeus.dl.playstation.net/cdn/EP0177/PCSB00419_00/YSfEUDVeZmIRuYbZhmxtcGiAaKlGhwBVrXSqTyVkaikngSHJnfmiczYnNLlwzIFz.pkg,EP0177-PCSB00419_00-PJDF393MAJITENSI,YES,PSVITA,CARD,BASE_GAME,NONE,
PCSF00465,HELLDIVERS,PSVita,EU,http://zeus.dl.playstation.net/cdn/EP9000/PCSF00465_00/EP9000-PCSF00465_00-HELLDIVERSSCEE00_bg_1_d39af229f40ad60691ac86ea87626264c8042c9e.pkg,EP9000-PCSF00465_00-HELLDIVERSSCEE00,YES,PSVITA,CARD,BASE_GAME,NONE,
PCSE00402,Hotline Miami 2: Wrong Number,PSVita,US,http://zeus.dl.playstation.net/cdn/UP3643/PCSE00402_00/UP3643-PCSE00402_00-HOTLINEMIAMI2000_bg_1_9427b6f726bb51a5ec1850902b772122638bf613.pkg,UP3643-PCSE00402_00-HOTLINEMIAMI2000,YES,PSVITA,CARD,BASE_GAME,NONE,
PCSF00010,Hustle Kings,PSVita,EU,http://ares.dl.playstation.net/cdn/EP9000/PCSF00010_00/JoyrLsEByrZeYtVYLWgRWxPSILYLUVVIGfbsiEIuOXPjTbgLxjwywfoBiVPjrUpy.pkg,EP9000-PCSF00010_00-UHUSTLEKIN000001,YES,PSVITA,CARD,BASE_GAME,NONE,
PCSE00213,Jet Pack Joyride,PSVita,US,http://zeus.dl.playstation.net/cdn/UP4249/PCSE00213_00/BdFcGUhAsPWlBxcoQAMTmbVfTvslopAkcWgEZkgpwHVtjRneLRjBRFbYOeemyUlh.pkg,UP4249-PCSE00213_00-JETPACKJOYRIDE00,YES,PSVITA,CARD,BASE_GAME,NONE,
PCSE00088,Jet Set Radio Demo,PSVita,US,http://zeus.dl.playstation.net/cdn/UP0177/PCSE00088_00/UgmJfXlUwVABzWvWZVHotvymDXrOlRXodPSDrXLbTkvHmFzPiDbHzQtPNPBbfKQd.pkg,UP0177-PCSE00088_00-JETSETRADIODEMO0,YES,PSVITA,CARD,BASE_GAME,NONE,
PCSB00244,Jetpack Joyride,PSVita,EU,http://zeus.dl.playstation.net/cdn/EP4249/PCSB00244_00/EqUEeVMYQeTjhzANjmShJLydqgLbtVpJpGxhtalMEObUvPgJgdMFREclMnMAETif.pkg,EP4249-PCSB00244_00-JETPACKJOYRIDE00,YES,PSVITA,CARD,BASE_GAME,NONE,
PCSB00047,Katamari Damacy,PSVita,US,http://zeus.dl.playstation.net/cdn/EP0700/PCSB00047_00/lUTgwQlAazHzLFFDSwMJUkkygLyLWVWwjQgEwBRbmwayEFNlGQMeDgNYuEQDDVaK.pkg,EP0700-PCSB00047_00-KATAMARIDAMACY00,YES,PSVITA,CARD,BASE_GAME,NONE,
PCSB00126,KickBeat,PSVita,EU,http://zeus.dl.playstation.net/cdn/EP4042/PCSB00126_00/ldKHVbqNcFqtDviuiNcUhbgyjABxgVParShflXNaqhscKBZUfNpdCNlYfpllgMIm.pkg,EP4042-PCSB00126_00-KICKBEAT00000001,YES,PSVITA,CARD,BASE_GAME,NONE,
PCSA00107,Killzone Mercenary,PSVita,US,http://zeus.dl.playstation.net/cdn/UP9000/PCSA00107_00/xSogsfuwrfNKAhnFJILmrtTihaMTVBqvWwiMuyEWyHzhQnksjKbGVkRdaWAyUwJH.pkg,,NO,PSVITA,CARD,BASE_GAME,NONE,
PCSF00434,Killzoneā„¢ Mercenary Digital Art Book,PSVita,EU,http://zeus.dl.playstation.net/cdn/EP9000/PCSF00434_00/EfSuwKbLTadYvVtftOvVwyEkucGjkBthvvPCYJtiIFSdDQTqDQrStHoPSSKMUMOA.pkg,EP9000-PCSF00434_00-KZMDIGITALART000,YES,PSVITA,CARD,BASE_GAME,NONE,
PCSB00169,Knytt Underground,PSVita,EU,http://zeus.dl.playstation.net/cdn/EP4337/PCSB00169_00/pmZPuBkLdBKnzCflJifKzQKYwmmUxneMDbChvubEcpybzRopjouHmQtNakTHzBgb.pkg,EP4337-PCSB00169_00-UKNYTTUNDE000001,YES,PSVITA,CARD,BASE_GAME,NONE,
PCSB00331,Kung Fu Rabbit,PSVita,EU,http://zeus.dl.playstation.net/cdn/EP4115/PCSB00331_00/kdVkDWirKAQaNePtzSacgeHXkOtEsUyIEvxceWyPkHkSVsfmQQITeZmoYAqMKMuE.pkg,EP4115-PCSB00331_00-SCEEKUNGFURABBIT,YES,PSVITA,CARD,BASE_GAME,NONE,
PCSB00694,La-Mulana EX,PSVita,EU,http://zeus.dl.playstation.net/cdn/EP4034/PCSB00694_00/EP4034-PCSB00694_00-G000000000000627_bg_1_60d558c1756e4bff54574ae2b81c5ca377800048.pkg,EP4034-PCSB00694_00-G000000000000627,YES,PSVITA,CARD,BASE_GAME,NONE,
PCSB00974,Laser Disco Defenders,PSVita,EU,http://zeus.dl.playstation.net/cdn/EP0806/PCSB00974_00/EP0806-PCSB00974_00-LASERDISCODEFEND_bg_1_21ff2c47a27658cd83cf1951db56e28c47d570e2.pkg,EP0806-PCSB00974_00-LASERDISCODEFEND,YES,PSVITA,CARD,BASE_GAME,NONE,
PCSF00376,Lemmings Touch,PSVita,EU,http://ares.dl.playstation.net/cdn/EP9000/PCSF00376_00/AQYFoiSQOALrvuKpmhbMkZJGLjXigYAoaYzRVWUMNLYGFBBYlFEcAlCnLbkHVNlF.pkg,,NO,PSVITA,CARD,BASE_GAME,NONE,
PCSB00879,Letter Quest Remastered,PSVita,EU,http://zeus.dl.playstation.net/cdn/EP8925/PCSB00879_00/EP8925-PCSB00879_00-LETTERQUESTPSV0E_bg_1_1d78f865be140f8b9e7d12aea9c0fca7a4ba7240.pkg,EP8925-PCSB00879_00-LETTERQUESTPSV0E,YES,PSVITA,CARD,BASE_GAME,NONE,
PCSB00845,Level 22,PSVita,EU,http://zeus.dl.playstation.net/cdn/EP4540/PCSB00845_00/EP4540-PCSB00845_00-LEVEL22GAME00000_bg_1_acf10336f43c3ee952bd8a56945cbd2fbd7b9dcf.pkg,EP4540-PCSB00845_00-LEVEL22GAME00000,YES,PSVITA,CARD,BASE_GAME,NONE,
PCSF00021,Little Big Planet - Cinco de Mayo Mariachi Costume,PSVita,EU,http://zeus.dl.playstation.net/cdn/EP9000/PCSF00021_00/mNePdFOdBDAYOrhoFqTPCExTKGtSwjGWHRRuDZxRKREEdUxqLKQAVorcFbTkosuM.pkg,EP9000-PCSF00021_00-LBPDLCORIGCO0044,YES,PSVITA,CARD,BASE_GAME,NONE,
PCSF00021,Little Big Planet Network Pass,PSVita,EU,http://zeus.dl.playstation.net/cdn/EP9000/PCSF00021_00/HHOqSwsKtVHrkznNccjvzCfLEbUmILwEbFWpSSxeMxLKlXAJDSCVbevHLHTJXrrq.pkg,EP9000-PCSF00021_00-LBPVNETPASSK0001,YES,PSVITA,CARD,BASE_GAME,NONE,
PCSF00017,Little Deviants,PSVita,EU,http://zeus.dl.playstation.net/cdn/EP9000/PCSF00017_00/fSFZlDWQBSzKRyxpLXpfidTppTLqPZtBIBoxdMjWKoggtBouWlZxwMhGvpXePXWX.pkg,EP9000-PCSF00017_00-LITTLEDEVIANTS00,YES,PSVITA,CARD,BASE_GAME,NONE,
PCSF00021,LittleBigPlanet - Actor Kabuki Costume,PSVita,EU,http://zeus.dl.playstation.net/cdn/EP9000/PCSF00021_00/CGNNWcafgZfLwtZVXOcnObwwzZgNUyNwadvNRxsVnmQAemrXzkLZbRFeUSVnlPwI.pkg,EP9000-PCSF00021_00-LBPDLCCOMPCO0004,YES,PSVITA,CARD,BASE_GAME,NONE,
PCSF00021,LittleBigPlanet - Festive Goodies Kit,PSVita,EU,http://zeus.dl.playstation.net/cdn/EP9000/PCSF00021_00/ZTpZHNUCrepBTPRuOynoTZVmHQhBYOciBEaxFGdoKQCLmaGVDaTJFltVtgSvDWXV.pkg,EP9000-PCSF00021_00-LBPDLCORIGLK0001,YES,PSVITA,CARD,BASE_GAME,NONE,
PCSF00021,LittleBigPlanet - God of War Pack,PSVita,EU,http://zeus.dl.playstation.net/cdn/EP9000/PCSF00021_00/VlrezJpvnPTaKLUPBBTyAPYAgikiBBPuuTiBVgODZTEXEcVeZUmUCgpTtCkpmAbC.pkg,EP9000-PCSF00021_00-LBPDLCSONYMP0002,YES,PSVITA,CARD,BASE_GAME,NONE,
PCSF00021,LittleBigPlanet - Heaven Sword Pack,PSVita,EU,http://zeus.dl.playstation.net/cdn/EP9000/PCSF00021_00/mUZYFiOpMViHjESUDFpvcZCUsniDkhdwPviCwmTjPQfyBqxfdDVJXXOmhZqCSEql.pkg,EP9000-PCSF00021_00-LBPDLCSONYMP0001,YES,PSVITA,CARD,BASE_GAME,NONE,
PCSF00021,LittleBigPlanet - Lemmings mini-pack,PSVita,EU,http://zeus.dl.playstation.net/cdn/EP9000/PCSF00021_00/jMgGBjdJYOOhmvYuwLmveFPhRBRcpaBNDNEyiGguiHSuCgrsTccidcyXgvjpMKXT.pkg,EP9000-PCSF00021_00-LBPDLCSONYCO0043,YES,PSVITA,CARD,BASE_GAME,NONE,
PCSF00021,LittleBigPlanet - Sack in the Box Costume,PSVita,EU,http://zeus.dl.playstation.net/cdn/EP9000/PCSF00021_00/TmkgaOjPgjSzxlTIGuFEXmUOkYukqiFayKYxxQZlWDIRYbtMlLmUVpIBhmApFXQn.pkg,EP9000-PCSF00021_00-LBPDLCCOMPCO0003,YES,PSVITA,CARD,BASE_GAME,NONE,
PCSF00021,LittleBigPlanet 2 - DC Comics Premium Level Pack,PSVita,EU,http://zeus.dl.playstation.net/cdn/EP9000/PCSF00021_00/VwnvcDWbziBCqvymiCYfeJTtdwacZVRkpnCsryumuGNkERaTiZXhyYuMXtqJBAaq.pkg,EP9000-PCSF00021_00-LBPDLCWBDCLK0001,YES,PSVITA,CARD,BASE_GAME,NONE,
PCSF00021,LittleBigPlanet PlayStation Vita,PSVita,EU,http://ares.dl.playstation.net/cdn/EP9000/PCSF00021_00/RAYSIGKiXCIiIrFkGSpaFUHwGjAIsMVaurmiIdIFwPeECSwzuToLRNlDItyfyCYK.pkg,,NO,PSVITA,CARD,BASE_GAME,NONE,
PCSF00021,LittleBigPlanet PlayStation Vita - DC Comics Level Pack,PSVita,EU,http://zeus.dl.playstation.net/cdn/EP9000/PCSF00021_00/QfUBZnPSfroEcBMUZgGCppYXVoFsoVVGwmlvXMhxmkiqTtduiaplWNwolRBmiqyY.pkg,EP9000-PCSF00021_00-LBPDLCWBDCLK0002,YES,PSVITA,CARD,BASE_GAME,NONE,
PCSG00422,Love Live! School Idol Paradise DLC - AmiAmi Costume,PSVita,JP,http://zeus.dl.playstation.net/cdn/JP0117/PCSG00422_00/RlPoqhpdWGGHzzYlcmRAckYKqNVdBzzIoxuUKqEGwMxAGqrxmjsvvSUFaIIoZXCQHscYJTrTITyuUAAsKVehhiVmNlERXpqQMXtjM.pkg,JP0117-PCSG00422_00-0004GIMMKADOSP01,YES,PSVITA,CARD,BASE_GAME,NONE,
PCSG00422,Love Live! School Idol Paradise DLC Vol.1 - Bokura no LIVE Kimi to no LIFE,PSVita,JP,http://zeus.dl.playstation.net/cdn/JP0117/PCSG00422_00/OhNxmYOangFGzvSsZtXRXrEGUexayQBrjYqvghrtSaCwESlNlIRppXiZqJwmzQaXwPxcsnaNMbDIqUtAmLbXNteyafYNlYvegHfMQ.pkg,JP0117-PCSG00422_00-0043SET2KADOSP06,YES,PSVITA,CARD,BASE_GAME,NONE,
PCSG00422,Love Live! School Idol Paradise DLC Vol.2 - Snow Halation,PSVita,JP,http://zeus.dl.playstation.net/cdn/JP0117/PCSG00422_00/XWpYaurTdIiEJQWJUctrvSdTuUaSTUHUFFtvShEbJrMaXGSWTHwPBbwVapZahrzcuHQdBForMkAJenPADLCvhCxoNgqNKcFZncVJo.pkg,JP0117-PCSG00422_00-0021COSTAMIAOR02,YES,PSVITA,CARD,BASE_GAME,NONE,
PCSE00247,LUFTRAUSERS,PSVita,US,http://zeus.dl.playstation.net/cdn/UP3643/PCSE00247_00/TIsoAoofECsctZSleQVhexEstAxrBNHQgxxuGfcJUuTgRtaLOCwkctGKfYvzniqM.pkg,UP3643-PCSE00247_00-VLMBLR00000001UV,YES,PSVITA,CARD,BASE_GAME,NONE,
PCSE00009,Lumines - Electronic Symphony,PSVita,US,http://zeus.dl.playstation.net/cdn/UP0001/PCSE00009_00/sfmmZuPLCkxEkLShBUpqnagpmblbnBOnhRmxxxfAgXwISvPENjuSxBiEqBFyPGwHeNJDnnzSECVLoIeXjOTOPmXjMGgVnayaHgVXI.pkg,UP0001-PCSE00009_00-LUMINESELECTROSY,YES,PSVITA,CARD,BASE_GAME,NONE,
PCSB00939,Lumo,PSVita,EU,http://zeus.dl.playstation.net/cdn/EP4034/PCSB00939_00/EP4034-PCSB00939_00-LUMO000000000000_bg_1_af70b736cc474ed7b31f7c94ed0d512cc35db7f9.pkg,EP4034-PCSB00939_00-LUMO000000000000,YES,PSVITA,CARD,BASE_GAME,NONE,
PCSB00118,Metal Gear Solid HD Collection,PSVita,EU,http://zeus.dl.playstation.net/cdn/EP0101/PCSB00118_00/ilCLoXJoDvyTeqtkUOXTcfUlxyTEajuvILtohVeKfClaphQbOiSCyXAFnMOppyjq.pkg,EP0101-PCSB00118_00-MGSHDVITA0000000,YES,PSVITA,CARD,BASE_GAME,NONE,
PCSB00772,Metal Slug 3,PSVita,EU,http://zeus.dl.playstation.net/cdn/EP0576/PCSB00772_00/EP0576-PCSB00772_00-METALSLUG3000000_bg_1_1b8cd2baa4d6d56f9d65538c10d9d39f58867801.pkg,EP0576-PCSB00772_00-METALSLUG3000000,YES,PSVITA,CARD,BASE_GAME,NONE,
PCSC00052,Miku Miku Hockey,PSVita,JP,http://zeus.dl.playstation.net/cdn/JP9002/PCSC00052_00/zzfCLgyJwmdAZKPBsyvwJbEMywgsQDDYsWGVKxMrHBAFLvKvpELxbMpaJirtzmViRPqyQKoCHEesiflISQYdoVqnHFtNaUgKkbYMM.pkg,JP9002-PCSC00052_00-MIKUMIKUHOCKEY00,YES,PSVITA,CARD,BASE_GAME,NONE,
PCSB00106,MKUltra,PSVita,EU,http://zeus.dl.playstation.net/cdn/EP1018/PCSB00106_00/oICdKQWfOWNqexqChCNPCFAFCcMedjeHMvMyTfjvKWYAJZctLvjwDfKLwBnmPIDp.pkg,EP1018-PCSB00106_00-MKULTRA000000000,YES,PSVITA,CARD,BASE_GAME,NONE,
PCSF00002,ModNation Racers,PSVita,EU,http://zeus.dl.playstation.net/cdn/EP9000/PCSF00002_00/YjOczWFPxJEFIGjzZAZeKzNbYrKraRIfMXHHMcGAMQZFuttZlPweLMFohABmhDIM.pkg,EP9000-PCSF00002_00-MNRV000000000000,YES,PSVITA,CARD,BASE_GAME,NONE,
PCSF00046,Motorstorm RC,PSVita,EU,http://ares.dl.playstation.net/cdn/EP9000/PCSF00046_00/pEDwDMdBdKTPBtKZrfZCGnbsLTZEQKzLBiUisusMAwZWNqSDTrlrWGOjEAmBmKwz.pkg,EP9000-PCSF00046_00-UMOTORSTOR000001,YES,PSVITA,CARD,BASE_GAME,NONE,
PCSB00910,Neon Chrome,PSVita,EU,http://zeus.dl.playstation.net/cdn/EP4403/PCSB00910_00/EP4403-PCSB00910_00-NEONCHROME000000_bg_1_3f1b803435271b7f9743aa2502d941db592f4046.pkg,EP4403-PCSB00910_00-NEONCHROME000000,YES,PSVITA,CARD,BASE_GAME,NONE,
PCSB00705,Nihilumbra,PSVita,EU,http://zeus.dl.playstation.net/cdn/EP4542/PCSB00705_00/EP4542-PCSB00705_00-000000NIHILUMBRA_bg_1_5c5ba6a76c16339a04c1455fcb4d44a09aa00a7a.pkg,EP4542-PCSB00705_00-000000NIHILUMBRA,YES,PSVITA,CARD,BASE_GAME,NONE,
PCSE00021,Ninja Gaiden Sigma Plus,PSVita,US,http://zeus.dl.playstation.net/cdn/UP4108/PCSE00021_00/lBIcXMVPMAnNGUwYHfVTCDPtoFyCBUctfNcBiTYnZJzHDsxNaSeSAXzXyAArVThFYIvfttIdiSaGhdtPMnbUFyOrxnfFDwmzIKmfi.pkg,UP4108-PCSE00021_00-NGSP000000000000,YES,PSVITA,CARD,BASE_GAME,NONE,
PCSB00903,Ninja Senki DX,PSVita,EU,http://zeus.dl.playstation.net/cdn/EP2114/PCSB00903_00/EP2114-PCSB00903_00-SHURIKENMASTERDX_bg_1_e362df9b96050572235553e3a78acf77ca11b2b0.pkg,EP2114-PCSB00903_00-SHURIKENMASTERDX,YES,PSVITA,CARD,BASE_GAME,NONE,
PCSF00531,No Heroes Allowed: No Puzzles Either!,PSVita,EU,http://ares.dl.playstation.net/cdn/EP9000/PCSF00531_00/AEfHlLejCgOSxcglCkDlKXOSvohfUUGmyefygJImFCHAyBARWZMoCytLWazLAHBa.pkg,,NO,PSVITA,CARD,BASE_GAME,NONE,
PCSB00783,Nova-111,PSVita,EU,http://zeus.dl.playstation.net/cdn/EP4395/PCSB00783_00/EP4395-PCSB00783_00-NOVA111VITAEU000_bg_1_7d5fbf78d3cdcbe1a8ee828f61e0fe914d78dfc6.pkg,EP4395-PCSB00783_00-NOVA111VITAEU000,YES,PSVITA,CARD,BASE_GAME,NONE,
PCSE00686,Nova-111,PSVita,US,http://zeus.dl.playstation.net/cdn/UP4395/PCSE00686_00/UP4395-PCSE00686_00-NOVA111VITAUS000_bg_1_4c03c1e0ae8034f1960c6e639a2daad6661434c4.pkg,,NO,PSVITA,CARD,BASE_GAME,NONE,
PCSF00312,Open me!,PSVita,EU,http://zeus.dl.playstation.net/cdn/EP9000/PCSF00312_00/qBmFYuAkFUUKtwjMMaZwySQlPVuYVLMeLvnCgmihFOKBJfZYNbhTHhAzemSSyhrF.pkg,EP9000-PCSF00312_00-0000000130628V01,YES,PSVITA,CARD,BASE_GAME,NONE,
PCSF00536,Oreshika: Tainted Bloodlines,PSVita,EU,http://zeus.dl.playstation.net/cdn/EP9000/PCSF00536_00/EP9000-PCSF00536_00-ORESHIKA2EUUS000_bg_1_90c74741d5678245c735dc79a0aebf4edd77d953.pkg,EP9000-PCSF00536_00-ORESHIKA2EUUS000,YES,PSVITA,CARD,BASE_GAME,NONE,
PCSF00137,Paint Park Mal-Center,PSVita,EU,http://zeus.dl.playstation.net/cdn/EP9000/PCSF00137_00/SWCCzlJOARzadFVbsQrXDNFoSRQybCWUrphlmkPjHpNGnBVUcHHHAfqYyRWVVKed.pkg,EP9000-PCSF00137_00-PAINTPARKEU00001,YES,PSVITA,CARD,BASE_GAME,NONE,
PCSF00314,Paint Park Plus,PSVita,EU,http://zeus.dl.playstation.net/cdn/EP9000/PCSF00314_00/eayXuLTDuosokrEOnsXMlXTkEDKkrTDxjffOiahFoWacJCfIkhbVhxZsuMammlGm.pkg,EP9000-PCSF00314_00-PP2EU00000000001,YES,PSVITA,CARD,BASE_GAME,NONE,
PCSE00064,Plants vs Zombies,PSVita,US,http://zeus.dl.playstation.net/cdn/UP0017/PCSE00064_00/zWnMayGtiLPHPkSWosJhwyLTKbQKeTDVZfNIIPSiaKgMExpducEhkqZqOECRWSAjVZrhiiVEXVNUxmiUXeAsYMkBFTjtgOWwORqJp.pkg,UP0017-PCSE00064_00-PLANTSVSZOMBIES0,YES,PSVITA,CARD,BASE_GAME,NONE,
PCSA00069,PlayStation All-Stars Battle Royale,PSVita,US,http://zeus.dl.playstation.net/cdn/UP9000/PCSA00069_00/mBVejqMYkZJvUjsYKORyYFEnTWhtnWazRbDeUgQotQgIfwEocGKVzjLfeNjKCmywkvygQAAVOqAyciILvMFbbadFKoPqREpAqSUkI.pkg,UP9000-PCSA00069_00-PABRRETPSV000000,YES,PSVITA,CARD,BASE_GAME,NONE,
PCSF00688,PlayStation Vita Birthday Theme,PSVita,EU,http://zeus.dl.playstation.net/cdn/EP9000/PCSF00688_00/EP9000-PCSF00688_00-EWP0000000000047_bg_2_8aa2e230b423e463ce915fbaab486209c1d88a91.pkg,EP9000-PCSF00688_00-EWP0000000000047,YES,PSVITA,CARD,BASE_GAME,NONE,
PCSE00311,Proteus,PSVita,US,http://zeus.dl.playstation.net/cdn/UP4395/PCSE00311_00/dhPUuhvFxeOTpNjZhJytvjYvfMKcIdOcFfPEseqCyahKjtymBoePAIXSMijCpBkN.pkg,UP4395-PCSE00311_00-PROTEUSVITA00000,YES,PSVITA,CARD,BASE_GAME,NONE,
PCSB00803,Pumped BMX +,PSVita,EU,http://zeus.dl.playstation.net/cdn/EP4395/PCSB00803_00/EP4395-PCSB00803_00-G000000000000730_bg_1_3b99e738a4fe1332ab7971ccad9b48c4827a6caf.pkg,EP4395-PCSB00803_00-G000000000000730,YES,PSVITA,CARD,BASE_GAME,NONE,
PCSE00702,Pumped BMX+,PSVita,US,http://zeus.dl.playstation.net/cdn/UP4395/PCSE00702_00/UP4395-PCSE00702_00-PUMPED2SCEAVITA0_bg_1_019ba0c51fb4540823fbe0a4fb5157be24fa6286.pkg,,NO,PSVITA,CARD,BASE_GAME,NONE,
PCSB00080,Pure Chess - Battalion Chess Set,PSVita,EU,http://zeus.dl.playstation.net/cdn/EP4337/PCSB00080_00/ubLtADAAnIpoQqLKutUsDGlstsJkeDNaRzBPmiLhlEAaQmKluuouvIzgDpytfRHf.pkg,EP4337-PCSB00080_00-PCDLC004MODCAP00,YES,PSVITA,CARD,BASE_GAME,NONE,
PCSB00079,Rayman Origins,PSVita,EU,http://zeus.dl.playstation.net/cdn/EP0001/PCSB00079_00/qlZuAgYluBwonGoNYbdnShiZXywfhUTHqSRLscOEYpNUeNwhlKYDMmzTUVyifegg.pkg,EP0001-PCSB00079_00-RAYMANORIGINS000,YES,PSVITA,CARD,BASE_GAME,NONE,
PCSF00022,Reality Fighters,PSVita,EU,http://zeus.dl.playstation.net/cdn/EP9000/PCSF00022_00/SzDcMyartglNRcrxHMBrqxJfzwUNbiJzSDRghNZUMtcYbvOSrqJlNryMvXiEpHDt.pkg,EP9000-PCSF00022_00-TRIAL000000000EU,YES,PSVITA,CARD,BASE_GAME,NONE,
PCSF00022,Reality Fighters Online Pass,PSVita,EU,http://zeus.dl.playstation.net/cdn/EP9000/PCSF00022_00/wAOhTbKnriLorHNQGmpYAyzYgsjzIyJelzkcNmNOYvwvtqLedpUNlsCxhfXigERp.pkg,EP9000-PCSF00022_00-REALFIGHTNETPASS,YES,PSVITA,CARD,BASE_GAME,NONE,
PCSF00728,Resident Evil Revelations 2,PSVita,EU,http://zeus.dl.playstation.net/cdn/EP9000/PCSF00728_00/EP9000-PCSF00728_00-RESIDEVILREVELS2_bg_1_3f5f7b7b3552c13299bfe67f09c52ea2cf58c63e.pkg,,NO,PSVITA,CARD,BASE_GAME,NONE,
PCSF00141,Resistance - Burning Skies,PSVita,EU,http://zeus.dl.playstation.net/cdn/EP9000/PCSF00141_00/BiTksqMWiskuXlouuFTJrYsqXYoKOzbMYzHeaVjTYUbxwmSKEUIZApoTnVqGjtRU.pkg,EP9000-PCSF00141_00-RESISTANCEVITAE3,YES,PSVITA,CARD,BASE_GAME,NONE,
PCSB00255,Rocketbirds: Hardboiled Chicken,PSVita,EU,http://zeus.dl.playstation.net/cdn/EP5015/PCSB00255_00/UNnKRaegZfijhiwExJEsGgXQUuuDImQtjnErdIgRwibjHfoJFvUTemRSTprcdrSb.pkg,EP5015-PCSB00255_00-VMS0000000000001,YES,PSVITA,CARD,BASE_GAME,NONE,
PCSF00562,Run Sackboy! Run!,PSVita,EU,http://zeus.dl.playstation.net/cdn/EP9000/PCSF00562_00/EP9000-PCSF00562_00-1234567891234567_bg_1_c34fc79a29007669cfaab39756a8f2e99feb19f1.pkg,EP9000-PCSF00562_00-1234567891234567,YES,PSVITA,CARD,BASE_GAME,NONE,
PCSB00702,Severed,PSVita,EU,http://zeus.dl.playstation.net/cdn/EP2145/PCSB00702_00/EP2145-PCSB00702_00-SEVERED000000000_bg_1_4e1ad1818c311c90859f9fe9fe640b62666a01b9.pkg,EP2145-PCSB00702_00-SEVERED000000000,YES,PSVITA,CARD,BASE_GAME,NONE,
PCSB00364,Shake Spears!,PSVita,EU,http://zeus.dl.playstation.net/cdn/EP4173/PCSB00364_00/TPnSgQpVPQbpJKIpQooGFpaFZZrbuZxPefDDpCGLKpvYrLYfVTQgCwzaleBDTHvw.pkg,EP4173-PCSB00364_00-SHAKESPEARS00001,YES,PSVITA,CARD,BASE_GAME,NONE,
PCSB00807,Shutshimi,PSVita,EU,http://zeus.dl.playstation.net/cdn/EP2148/PCSB00807_00/EP2148-PCSB00807_00-SHUTSHIMI0000000_bg_1_952c7c67412960023b23930786d26a7fca7d5c17.pkg,EP2148-PCSB00807_00-SHUTSHIMI0000000,YES,PSVITA,CARD,BASE_GAME,NONE,
PCSG90036,Silent Hill - Book Of Memories Demo,PSVita,JP,http://ares.dl.playstation.net/cdn/JP0101/PCSG90036_00/YsmOBRxTRBaDTOTdXxoQoGGnIKIoTlxOBllIHrboDvTVGMXPtogpFNCaGuPaVVTjHPRPyvKjYiTkZLuEtsqedaFsdRsXqJpoGfeEL.pkg,,NO,PSVITA,CARD,BASE_GAME,NONE,
PCSB00190,Sonic & All-Stars Racing Transformed DLC - Metal Sonic Character + Outrun Track,PSVita,EU,http://zeus.dl.playstation.net/cdn/EP0177/PCSB00190_00/etcJQMYSldpsBAGBHHKhNaZDIjRBogPCLaISUdCoXPtxwMtNXXTwpHtFMpfWWycZ.pkg,EP0177-PCSB00190_00-SASRXFORMEDDLC01,YES,PSVITA,CARD,BASE_GAME,NONE,
PCSC90024,Soul Sacrifice Demo,PSVita,JP,http://zeus.dl.playstation.net/cdn/JP9000/PCSC90024_00/tRiCZIvpysxeFUSucOtwezFenEIyPXXmZRzaRLDlwLZOxHNWHTFTzzzGhEFSkrcQSPSNDTIXPYTxdlodDTiAsePXPwROmsxaUorZB.pkg,,NO,PSVITA,CARD,BASE_GAME,NONE,
PCSA00003,Sound Shapes,PSVita,US,http://zeus.dl.playstation.net/cdn/UP9000/PCSA00003_00/lLvrgcPSOXLoqIoRjZKLmNjuNVwWSmwiOVXSqXWfZoHsRgBxUHnqBlBmdWLzcGpIoutOzzLAThgGCEDtyJDeYuvjEqnohMnXAIdWS.pkg,UP9000-PCSA00003_00-SOUNDSHAPES00000,YES,PSVITA,CARD,BASE_GAME,NONE,
PCSF00076,Sound Shapes,PSVita,EU,http://zeus.dl.playstation.net/cdn/EP9000/PCSF00076_00/UoaYbDvjtYWcRyuzAcCpfLsKaxacQUYbSoNuaXYkcKvPrXqnPSCiZYUjfqkXjriF.pkg,EP9000-PCSF00076_00-SOUNDSHAPES00000,YES,PSVITA,CARD,BASE_GAME,NONE,
PCSF00076,Sound Shapes - 8-bit Sound Pack,PSVita,EU,http://zeus.dl.playstation.net/cdn/EP9000/PCSF00076_00/alvqOGqtFjDXThnarfiRPwjbqPcBUCfQvnDAFHvRsBrfbhSyeBEuOkvrkFjggklg.pkg,EP9000-PCSF00076_00-DLCPACK030000000,YES,PSVITA,CARD,BASE_GAME,NONE,
PCSF00076,Sound Shapes - 80's Sound Pack,PSVita,EU,http://zeus.dl.playstation.net/cdn/EP9000/PCSF00076_00/qldAcusBzFkIRFVEkhSPJFihchqfKsPdLmCllXQWqfPtRIwOWIOasVmSqlPWvTaT.pkg,EP9000-PCSF00076_00-DLCPACK060000000,YES,PSVITA,CARD,BASE_GAME,NONE,
PCSF00076,Sound Shapes - Acoustic Sound Pack,PSVita,EU,http://zeus.dl.playstation.net/cdn/EP9000/PCSF00076_00/EUnsdPAGqmASdoNQufsPynbmVnZkUvOhCioJwEYVGGnJemBammxXjjPOUtKCukqn.pkg,EP9000-PCSF00076_00-DLCPACK020000000,YES,PSVITA,CARD,BASE_GAME,NONE,
PCSF00076,Sound Shapes - Brass Sound Pack,PSVita,EU,http://zeus.dl.playstation.net/cdn/EP9000/PCSF00076_00/hFnFVbowELhKrcbtgunctchfOOUQTcIAUJpCyzCUWMUMNqOMBSHLvZoBfqodGvFz.pkg,EP9000-PCSF00076_00-DLCPACK080000000,YES,PSVITA,CARD,BASE_GAME,NONE,
PCSF00076,Sound Shapes - Car Mini-Album,PSVita,EU,http://zeus.dl.playstation.net/cdn/EP9000/PCSF00076_00/mAfRWThzGtjNBvDQEjGhvKpPHgyalHZYWsDgDeNlnPltsOkEMeQjvjbySmpynBey.pkg,EP9000-PCSF00076_00-DLCPACK010000000,YES,PSVITA,CARD,BASE_GAME,NONE,
PCSF00076,Sound Shapes - City Art Pack,PSVita,EU,http://zeus.dl.playstation.net/cdn/EP9000/PCSF00076_00/zZzObWfLWKmTlBYSXgWNHIrKnxQBhLbSDvyfdBSlyeFKINZnEUmEMFMplWLGNpra.pkg,EP9000-PCSF00076_00-DLCPACK120000000,YES,PSVITA,CARD,BASE_GAME,NONE,
PCSF00076,Sound Shapes - Curved Terrain Pack,PSVita,EU,http://zeus.dl.playstation.net/cdn/EP9000/PCSF00076_00/LEsTdqHAcinkREAiMUUIvkddhRpazikbJdzLqUcukdfjbFUTZJkTiQnKweoAtcIZ.pkg,EP9000-PCSF00076_00-DLCPACK050000000,YES,PSVITA,CARD,BASE_GAME,NONE,
PCSF00076,Sound Shapes - Drum Kits Sound Pack,PSVita,EU,http://zeus.dl.playstation.net/cdn/EP9000/PCSF00076_00/IQuXWPEyYzIwXzRRdIDTJWljNQWcbuIchGfBAnqZcviqUVbWTXQFUScAgbJelLxm.pkg,EP9000-PCSF00076_00-DLCPACK040000000,YES,PSVITA,CARD,BASE_GAME,NONE,
PCSF00076,Sound Shapes - Dubstep Sound Pack,PSVita,EU,http://zeus.dl.playstation.net/cdn/EP9000/PCSF00076_00/MPyAVBKioZaFsFZnfozhLHYdCPJoXMOIjrlaDBgNSJAYLYEvYzyIqHPDJJutDpPw.pkg,EP9000-PCSF00076_00-DLCPACK070000000,YES,PSVITA,CARD,BASE_GAME,NONE,
PCSF00076,Sound Shapes - Future Funk 3000 Sound Pack,PSVita,EU,http://zeus.dl.playstation.net/cdn/EP9000/PCSF00076_00/RwAeNkXFJnuDkoAwdDpuhqOOxCYfJhUbVLpTXXXNmWHMjgWfXxWFDsplGPSVgJAb.pkg,EP9000-PCSF00076_00-DLCPACK130000000,YES,PSVITA,CARD,BASE_GAME,NONE,
PCSF00076,Sound Shapes - Hohokum Art and Sound Pack,PSVita,EU,http://zeus.dl.playstation.net/cdn/EP9000/PCSF00076_00/NKMReXwmaPmWLCeOawcpaNfLVZMcnGFsjggJnQAdQRApChkYUlXxWCBgZZdxbLTQ.pkg,EP9000-PCSF00076_00-DLCPACK150000000,YES,PSVITA,CARD,BASE_GAME,NONE,
PCSF00076,Sound Shapes - Lizzywanders Art Pack,PSVita,EU,http://zeus.dl.playstation.net/cdn/EP9000/PCSF00076_00/SysJHaZMlQUujxmyguadRJavBlhpHQEjmoCtQTWoEblCPxrWakJUZJWuuiwIFKgG.pkg,EP9000-PCSF00076_00-DLCPACK140000000,YES,PSVITA,CARD,BASE_GAME,NONE,
PCSF00076,Sound Shapes - Nature Art Pack,PSVita,EU,http://zeus.dl.playstation.net/cdn/EP9000/PCSF00076_00/poTnMWatRuQdwpCNTCgjyCyAkwPGCpPxbYVnDcHOVeIVCZpsvMIQjzMrsEiRaEFn.pkg,EP9000-PCSF00076_00-DLCPACK090000000,YES,PSVITA,CARD,BASE_GAME,NONE,
PCSF00076,Sound Shapes - Old School Sound Pack,PSVita,EU,http://zeus.dl.playstation.net/cdn/EP9000/PCSF00076_00/nonIYBJtvRfbTYBEcrcDBaCrAruftBgPEiPdJVEqxuQGZElvSUbucrBZjtoqbqKK.pkg,EP9000-PCSF00076_00-DLCPACK100000000,YES,PSVITA,CARD,BASE_GAME,NONE,
PCSF00076,Sound Shapes - Vocoder Sound Pack,PSVita,EU,http://zeus.dl.playstation.net/cdn/EP9000/PCSF00076_00/PDreAPCpdcoyzGyjAWhNlErPbJcLggRVkGqmGESLcyUBAqYiouTVWignkOqgGLcT.pkg,EP9000-PCSF00076_00-DLCPACK110000000,YES,PSVITA,CARD,BASE_GAME,NONE,
PCSB00978,Spy Chameleon,PSVita,EU,http://zeus.dl.playstation.net/cdn/EP1070/PCSB00978_00/EP1070-PCSB00978_00-UPSPYCHAMELEON01_bg_1_72e747f3861589365a3fa3abbc47acb6fdde774f.pkg,EP1070-PCSB00978_00-UPSPYCHAMELEON01,YES,PSVITA,CARD,BASE_GAME,NONE,
PCSE00029,Star Drone Extreme,PSVita,US,http://ares.dl.playstation.net/cdn/UP4101/PCSE00029_00/LpyRlPaAxhVOclQFuuAFONaLfLhRHMYeqAxbPCWPRlUHYhGngPmApSrvtaCctfmtwikGkGJkqLpHGPoEIdMRuXaNVnucGXzBbLfUT.pkg,UP4101-PCSE00029_00-STARDRONEEXTREME,YES,PSVITA,CARD,BASE_GAME,NONE,
PCSB00317,Stealth Inc - A Clone in the Dark,PSVita,EU,http://zeus.dl.playstation.net/cdn/EP4395/PCSB00317_00/SwqylnJesZYqVmtPOdpHPncTrrAPlJslYjFEpWKKhsPIgOQzOakFvmLBaDhunKDi.pkg,EP4395-PCSB00317_00-STEALTHBSVITAFG0,YES,PSVITA,CARD,BASE_GAME,NONE,
PCSB00690,Stealth Inc 2: A Game of Clones,PSVita,EU,http://zeus.dl.playstation.net/cdn/EP4395/PCSB00690_00/EP4395-PCSB00690_00-STEALTHINC200000_bg_1_fc5b6c4e874a64a89d19c6e2033233e234c89f00.pkg,EP4395-PCSB00690_00-STEALTHINC200000,YES,PSVITA,CARD,BASE_GAME,NONE,
PCSB00317,Stealth Inc: A Clone In The Dark - The Lost Clones,PSVita,EU,http://zeus.dl.playstation.net/cdn/EP4395/PCSB00317_00/cDyshcCvEpWimTPDnhQVCsDlENKuyzaBSddAawDFXtuuyOYncoJpPVkrDhChdmZV.pkg,EP4395-PCSB00317_00-DLC002LOSTCLONES,YES,PSVITA,CARD,BASE_GAME,NONE,
PCSB00317,Stealth Inc: A Clone In The Dark - The Teleporter Chambers,PSVita,EU,http://zeus.dl.playstation.net/cdn/EP4395/PCSB00317_00/QGApUSUJjSGkfbeYuxqOhohPHFOFVxdPRkHrGkegpUEPgEvKPKPHGbVjkxMukZLj.pkg,EP4395-PCSB00317_00-DLC001TELEPORTCH,YES,PSVITA,CARD,BASE_GAME,NONE,
PCSB00881,Super Meat Boy,PSVita,EU,http://zeus.dl.playstation.net/cdn/EP1051/PCSB00881_00/EP1051-PCSB00881_00-SUPERMEATBOY0000_bg_1_b1c458c64a0d5dc3531d7617780758238a8f98f4.pkg,EP1051-PCSB00881_00-SUPERMEATBOY0000,YES,PSVITA,CARD,BASE_GAME,NONE,
PCSF00019,Super Stardust Delta,PSVita,EU,http://zeus.dl.playstation.net/cdn/EP9000/PCSF00019_00/IBaXXDdMKwvlxdzHDupAHHpEtsNsRwnmcXdaoBNYSwURzYfrogJMolgJBpCiiNzf.pkg,EP9000-PCSF00019_00-SSDELTA000000000,YES,PSVITA,CARD,BASE_GAME,NONE,
PCSB00786,Super Time Force Ultra,PSVita,EU,http://zeus.dl.playstation.net/cdn/EP2003/PCSB00786_00/EP2003-PCSB00786_00-SUPERTIMEFORCEUL_bg_1_e71686f9e9f1720b334067a9c48c7500faa46cee.pkg,EP2003-PCSB00786_00-SUPERTIMEFORCEUL,YES,PSVITA,CARD,BASE_GAME,NONE,
PCSB00507,Switch Galaxy Ultra,PSVita,EU,http://zeus.dl.playstation.net/cdn/EP4460/PCSB00507_00/EP4460-PCSB00507_00-SWITCHGULTRA0000_bg_1_5499dd3a2488ab4f101c580207db993ee8b3373c.pkg,EP4460-PCSB00507_00-SWITCHGULTRA0000,YES,PSVITA,CARD,BASE_GAME,NONE,
PCSB00096,Tales from Space - Mutant Blobs Attack,PSVita,EU,http://zeus.dl.playstation.net/cdn/EP2145/PCSB00096_00/TxqhokuEzLVzmJzzJrUHJkWpzifcACOlCOSjGAVVfgIdATDGrmucHXkbwWVYjTFT.pkg,EP2145-PCSB00096_00-MUTANTBLOBSATK00,YES,PSVITA,CARD,BASE_GAME,NONE,
PCSB00722,Teslagrad,PSVita,EU,http://zeus.dl.playstation.net/cdn/EP4513/PCSB00722_00/EP4513-PCSB00722_00-TESLAGRAD0000001_bg_2_c9177d275f2c85d8eb8f36a4eca99e7a6c43db1d.pkg,EP4513-PCSB00722_00-TESLAGRAD0000001,YES,PSVITA,CARD,BASE_GAME,NONE,
PCSE00065,The Pinball Arcade,PSVita,US,http://zeus.dl.playstation.net/cdn/UP2058/PCSE00065_00/YgjZfMoPEBAburcWVPDhrugUzgOZoUNETvKkCfdUrttPEovfAtXPJhTbxLQyiOozmDBdQbrvVIsuVbTQrfUaSdJJkPJCzvBTaMLVX.pkg,UP2058-PCSE00065_00-GAME000000000001,YES,PSVITA,CARD,BASE_GAME,NONE,
PCSB00778,The Swindle,PSVita,EU,http://zeus.dl.playstation.net/cdn/EP4395/PCSB00778_00/EP4395-PCSB00778_00-G000000000000705_bg_1_a95f9d0804be857ecb1c39ce033506ee83a2ba91.pkg,EP4395-PCSB00778_00-G000000000000705,YES,PSVITA,CARD,BASE_GAME,NONE,
PCSB00411,The Walking Dead - First Season,PSVita,EU,http://zeus.dl.playstation.net/cdn/EP2026/PCSB00411_00/OjZDMsawjyxGRXKjJPrlLVQvnqLIqAsAsvfxSuRiadYkPNMNghfrIOyzbZhFtJcT.pkg,EP2026-PCSB00411_00-WD1010000000GAME,YES,PSVITA,CARD,BASE_GAME,NONE,
PCSB00552,Tiny Troopers Joint Ops,PSVita,EU,http://zeus.dl.playstation.net/cdn/EP4382/PCSB00552_00/FFPMIUFpdnWSDiJgqdRwgeokFdTysyiiykRLpsYcnwyuZYdoodzBaexVaLhuieeq.pkg,EP4382-PCSB00552_00-TTSPECOPS0000013,YES,PSVITA,CARD,BASE_GAME,NONE,
PCSB00720,Titan Souls,PSVita,EU,http://zeus.dl.playstation.net/cdn/EP3643/PCSB00720_00/EP3643-PCSB00720_00-DEVOTITANSOULS01_bg_1_85566724bc624d1382b5fdfe3f4d947aa8e177e4.pkg,EP3643-PCSB00720_00-DEVOTITANSOULS01,YES,PSVITA,CARD,BASE_GAME,NONE,
PCSF00011,Top Darts Touch,PSVita,EU,http://zeus.dl.playstation.net/cdn/EP9000/PCSF00011_00/GqroSfgyzPVFeOgROxvwvtbTTRLuJIZotNppcEbmuaHKvdCjpnaoNAHUlZraBBIP.pkg,EP9000-PCSF00011_00-TOPDARTSTOUCHZZZ,YES,PSVITA,CARD,BASE_GAME,NONE,
PCSB00760,TorqueL,PSVita,EU,http://zeus.dl.playstation.net/cdn/EP0122/PCSB00760_00/EP0122-PCSB00760_00-0000000000000000_bg_2_cdd019cf937815d87b758b451b1cce9544719199.pkg,EP0122-PCSB00760_00-0000000000000000,YES,PSVITA,CARD,BASE_GAME,NONE,
PCSB01046,Toukiden 2 Carryover Demo,PSVita,EU,http://zeus.dl.playstation.net/cdn/EP4108/PCSB01046_00/EP4108-PCSB01046_00-TOUKIDEN2DEMO000_bg_1_83c3f041f37ed93e67acf1f7e4e37930a88475bc.pkg,EP4108-PCSB01046_00-TOUKIDEN2DEMO000,YES,PSVITA,CARD,BASE_GAME,NONE,
PCSF00113,Travel Bug,PSVita,EU,http://zeus.dl.playstation.net/cdn/EP9000/PCSF00113_00/YbjRaCRDDFSjvnHqrbbEzjGcZfvXTtfMMzzvZdpUujNMnREtVEJWRAoINYowNeGK.pkg,EP9000-PCSF00113_00-TRAVELBUGGAME000,YES,PSVITA,CARD,BASE_GAME,NONE,
PCSB00407,Tunein Radio,PSVita,EU,http://ares.dl.playstation.net/cdn/EP4423/PCSB00407_00/ZeTxMsJDzRmOEezPvFVhYKEnevGOecTRrfOOcgsEoljZlLKvvEqeumgukYCAlEZG.pkg,,NO,PSVITA,CARD,BASE_GAME,NONE,
PCSB00775,Type:Rider,PSVita,EU,http://zeus.dl.playstation.net/cdn/EP1302/PCSB00775_00/EP1302-PCSB00775_00-TYPERIDERVITAEUR_bg_1_8f2c32d577446849df680f9a298b9be849fcde3f.pkg,EP1302-PCSB00775_00-TYPERIDERVITAEUR,YES,PSVITA,CARD,BASE_GAME,NONE,
PCSB00505,Ultratron,PSVita,EU,http://zeus.dl.playstation.net/cdn/EP4395/PCSB00505_00/EP4395-PCSB00505_00-G000000000000449_bg_1_004d97d7b5a7c98162fdbae3e3e119f097457de3.pkg,EP4395-PCSB00505_00-G000000000000449,YES,PSVITA,CARD,BASE_GAME,NONE,
PCSA00029,Uncharted - Golden Abyss,PSVita,US,http://zeus.dl.playstation.net/cdn/UP9000/PCSA00029_00/wOtKmxyFNaYYGHrfdjbXIKngvGymLKRqaQjPmiAHqlOgwsJyeeeGfxreOzKuaRKtUrReMVdgVOFoBomgxpMfdSBJZlYKSeQGWvMxT.pkg,UP9000-PCSA00029_00-0000000000000000,YES,PSVITA,CARD,BASE_GAME,NONE,
PCSA00014,Unit13,PSVita,US,http://zeus.dl.playstation.net/cdn/UP9000/PCSA00014_00/ZavpMEQMoGFVSTHqHRYJFHKOreZUYdNGekooAtLKusofFVLDiOkbXBuaJbbabarJGfnSUNkeMOLghGogLFcVeJdBudjTSLkvEgVpT.pkg,UP9000-PCSA00014_00-UNIT13ZIPPER0100,YES,PSVITA,CARD,BASE_GAME,NONE,
PCSB00810,VVVVVV,PSVita,EU,http://zeus.dl.playstation.net/cdn/EP2103/PCSB00810_00/EP2103-PCSB00810_00-VVVVVVGAMEPSVITA_bg_1_f2c39162e57388f5443a241de3bac13a67ff1bc8.pkg,EP2103-PCSB00810_00-VVVVVVGAMEPSVITA,YES,PSVITA,CARD,BASE_GAME,NONE,
PCSF00181,Wake-up Club,PSVita,EU,http://zeus.dl.playstation.net/cdn/EP9000/PCSF00181_00/FgVQzpHgbwXsFbfuPZyCIaalvPaEmfnciriIlNWyqfisvdePcGfPgcddqdrHVtfQ.pkg,EP9000-PCSF00181_00-0000111122223333,YES,PSVITA,CARD,BASE_GAME,NONE,
PCSE00448,Warriors Orochi 3 Ultimate: Stage Pack 1,PSVita,US,http://zeus.dl.playstation.net/cdn/UP4108/PCSE00448_00/WboXxqybgfOweOWUwIqdJzhpcISIipOJBZcOPZpWOslviQRMLKjHUtcELVuLnNrd.pkg,,NO,PSVITA,CARD,BASE_GAME,NONE,
PCSA00015,WipeOut 2048,PSVita,US,http://zeus.dl.playstation.net/cdn/UP9000/PCSA00015_00/NYEoaBGfiWymSEVZKxoyrKyBFsZNoFqxdyAIpZayZYuLLbCAArYrYXjPNhKCfXcONmhIZzZEeArycSrjiJOuNMWuWsDONUxMIQtMk.pkg,UP9000-PCSA00015_00-WIPEOUT2048BASE0,YES,PSVITA,CARD,BASE_GAME,NONE,
PCSF00007,Wipeout 2048 - Pack Wipeout HD,PSVita,EU,http://zeus.dl.playstation.net/cdn/EP9000/PCSF00007_00/ndXOdFeStQRZZsGijYeAziIYtDAuJZNeSQJAOofsobrCVaFLDZfQYnfHKgtPPjYB.pkg,EP9000-PCSF00007_00-DLC1W2048PACKAGE,YES,PSVITA,CARD,BASE_GAME,NONE,
PCSF00007,Wipeout 2048 - Pack Wipeout HD Fury,PSVita,EU,http://zeus.dl.playstation.net/cdn/EP9000/PCSF00007_00/zVSSevLKVHudaTULlwAxYULyQjotCBHYtGsnwcZbTRlozooMgyDgqhHTXEekZdkI.pkg,EP9000-PCSF00007_00-DLC2W2048PACKAGE,YES,PSVITA,CARD,BASE_GAME,NONE,
PCSF00007,Wipeout 2048 Network Pass,PSVita,EU,http://zeus.dl.playstation.net/cdn/EP9000/PCSF00007_00/xqNBOWjFAGujuzpgxzfhNfcEEJqokUYIKgNkGXPAGiJXNaXTORyaMKyquhZNdXHp.pkg,EP9000-PCSF00007_00-W2048NETWORKPASS,YES,PSVITA,CARD,BASE_GAME,NONE,
PCSB00797,Xeodrifter,PSVita,EU,http://zeus.dl.playstation.net/cdn/EP8909/PCSB00797_00/EP8909-PCSB00797_00-XEODRIFTERVITAEU_bg_1_493a3b38e9f7928a3ec45fbe5133c74696136127.pkg,EP8909-PCSB00797_00-XEODRIFTERVITAEU,YES,PSVITA,CARD,BASE_GAME,NONE,
PCSF00150,YouTube PSVITA,PSVita,EU,http://zeus.dl.playstation.net/cdn/EP9000/PCSF00150_00/kIiuCpkDztoEpLnuNZjICvbCwqUzrMxHdWxRFiqlmnUOaIAANHbnIhDBpchdLkNZ.pkg,EP9000-PCSF00150_00-YOUTUBE000000000,YES,PSVITA,CARD,BASE_GAME,NONE,
PCSB00094,Zen Pinball 2: Plants vs. Zombies (Trial),PSVita,EU,http://zeus.dl.playstation.net/cdn/EP4042/PCSB00094_00/GbcBJRnGQmuizsdLdCbEXMGebyneEsfSNwHVKYXsmSJuCWyAxkSEJyPKcsnGtnOR.pkg,EP4042-PCSB00094_00-ZENPINBALL2PVSZ1,YES,PSVITA,CARD,BASE_GAME,TRIAL_STANDALONE,PCSB00094
